Workbook

Sheet Suivi EMS
A1: SUIVI DES FONCTIONNALITÉS EMS — Roadmap 2026
A2: Rubrique | B2: Action | C2: Date d'insertion | D2: État | E2: Délais | F2: Date de fin | G2: % Avancement
A3: Organigramme | B3: Le responsable doit toujours être plus haut que l'employé dans le visuel de l'organigramme | C3: 27/04/2026 | D3: En cours | E3: 3 j | G3: =IF(D3="Terminé",1,IF(D3="En cours",0.5,0)) -> 0.5
A4: Missions | B4: Bloquer la clôture d'une mission si une preuve de frais n'est pas téléversée | C4: 27/04/2026 | D4: Terminé | E4: 1 j | F4: 28/04/2026 | G4: =IF(D4="Terminé",1,IF(D4="En cours",0.5,0)) -> 1
A5: Missions | B5: Notifications de frais : libellé → "Une nouvelle demande..." ; bouton → "Voir la demande" | C5: 27/04/2026 | D5: Non débuté | E5: 1 j | G5: =IF(D5="Terminé",1,IF(D5="En cours",0.5,0)) -> 0
A6: Missions | B6: Supprimer "Nouvelle mission multi-destinations" → utiliser "Nouvelle mission" | C6: 27/04/2026 | D6: Terminé | E6: 0.5 j | F6: 28/04/2026 | G6: =IF(D6="Terminé",1,IF(D6="En cours",0.5,0)) -> 1
A7: Employés | B7: Rendre le matricule alphanumérique (lettres + chiffres) | C7: 27/04/2026 | D7: Terminé | E7: 1 j | F7: 28/04/2026 | G7: =IF(D7="Terminé",1,IF(D7="En cours",0.5,0)) -> 1
A8: Employés | B8: Enregistrer le salaire à la création ; chaque employé voit uniquement le sien ; RH voit tout | C8: 27/04/2026 | D8: En cours | E8: 2 j | G8: =IF(D8="Terminé",1,IF(D8="En cours",0.5,0)) -> 0.5
A9: Employés | B9: Ajouter le filtrage des employés par sexe | C9: 27/04/2026 | D9: Terminé | E9: 0.5 j | F9: 28/04/2026 | G9: =IF(D9="Terminé",1,IF(D9="En cours",0.5,0)) -> 1
A10: Opérations | B10: Les opérations doivent apparaître simultanément chez les deux DG | C10: 27/04/2026 | D10: Terminé | E10: 1 j | F10: 28/04/2026 | G10: =IF(D10="Terminé",1,IF(D10="En cours",0.5,0)) -> 1
A11: Notifications | B11: Relances et notifications envoyées hors application (email + mobile push) | C11: 27/04/2026 | D11: En cours | E11: 5 j | G11: =IF(D11="Terminé",1,IF(D11="En cours",0.5,0)) -> 0.5
A12: Notifications | B12: Supprimer la mention "en tant que [rôle]" dans toutes les notifications | C12: 27/04/2026 | D12: Non débuté | E12: 0.5 j | G12: =IF(D12="Terminé",1,IF(D12="En cours",0.5,0)) -> 0
A13: Notifications | B13: Toast de notification : utiliser le bleu de la charte graphique EMS | C13: 27/04/2026 | D13: Terminé | E13: 0.5 j | F13: 28/04/2026 | G13: =IF(D13="Terminé",1,IF(D13="En cours",0.5,0)) -> 1
A14: Biométrie / Intégration | B14: Prévoir la connexion avec une application de biométrie pour gérer les retards | C14: 27/04/2026 | D14: Non débuté | E14: 10 j | G14: =IF(D14="Terminé",1,IF(D14="En cours",0.5,0)) -> 0
A15: Biométrie / Intégration | B15: Intégration Sage Paie (automatisation des retenues salariales) | C15: 27/04/2026 | D15: Non débuté | E15: 15 j | G15: =IF(D15="Terminé",1,IF(D15="En cours",0.5,0)) -> 0
A16: Congés | B16: Règle : demande créée > 3 sem avant début → modification bloquée à 2 sem avant début | C16: 27/04/2026 | D16: Terminé | E16: 1 j | F16: 28/04/2026 | G16: =IF(D16="Terminé",1,IF(D16="En cours",0.5,0)) -> 1
A17: Congés / Permissions | B17: Maternité simple : 14 semaines (était 16) ; Maternité pathologique : 20 semaines (était 18) | C17: 27/04/2026 | D17: Terminé | E17: 0.5 j | F17: 28/04/2026 | G17: =IF(D17="Terminé",1,IF(D17="En cours",0.5,0)) -> 1
A18: UI / UX | B18: Ajouter un scroll horizontal sur chaque tableau de l'application | C18: 27/04/2026 | D18: Terminé | E18: 1 j | F18: 28/04/2026 | G18: =IF(D18="Terminé",1,IF(D18="En cours",0.5,0)) -> 1
A19: UI / UX | B19: Ajouter "et autres" à côté du dernier pays dans l'onglet Organisation | C19: 27/04/2026 | D19: Terminé | E19: 0.5 j | F19: 28/04/2026 | G19: =IF(D19="Terminé",1,IF(D19="En cours",0.5,0)) -> 1
A20: Sécurité | B20: Politique de gestion des failles zero-day (procédure, veille CVE, patch management) | C20: 27/04/2026 | D20: En cours | E20: 5 j | G20: =IF(D20="Terminé",1,IF(D20="En cours",0.5,0)) -> 0.5
A21: Performance & Évaluation | B21: Notation : respect délais validation (valideur max 3h, sinon mauvaise note) | C21: 27/04/2026 | D21: Non débuté | E21: 7 j | G21: =IF(D21="Terminé",1,IF(D21="En cours",0.5,0)) -> 0
A22: Performance & Évaluation | B22: Notation : comportement sur l'application | C22: 27/04/2026 | D22: Non débuté | E22: 5 j | G22: =IF(D22="Terminé",1,IF(D22="En cours",0.5,0)) -> 0
A23: Performance & Évaluation | B23: Notation : taux de participation aux événements (liste participation + présence le jour J) | C23: 27/04/2026 | D23: Non débuté | E23: 7 j | G23: =IF(D23="Terminé",1,IF(D23="En cours",0.5,0)) -> 0
A24: Performance & Évaluation | B24: Intégrer les notations dans Rubrique Parcours, Module Performance, 360° | C24: 27/04/2026 | D24: Non débuté | E24: 10 j | G24: =IF(D24="Terminé",1,IF(D24="En cours",0.5,0)) -> 0
A25: Performance & Évaluation | B25: Évaluation esprit d'équipe | C25: 27/04/2026 | D25: Non débuté | E25: 5 j | G25: =IF(D25="Terminé",1,IF(D25="En cours",0.5,0)) -> 0
A26: Gestion Disciplinaire | B26: Module : blâme, avertissement, sanctions, demande d'explication, conseil de discipline | C26: 27/04/2026 | D26: Non débuté | E26: 10 j | G26: =IF(D26="Terminé",1,IF(D26="En cours",0.5,0)) -> 0
A27: Gestion Disciplinaire | B27: Ajouter un module Demande d'Explication (DE) dédié | C27: 27/04/2026 | D27: Non débuté | E27: 5 j | G27: =IF(D27="Terminé",1,IF(D27="En cours",0.5,0)) -> 0
A28: Reporting & Data | B28: Export Excel complet incluant les données sources des graphiques | C28: 27/04/2026 | D28: Non débuté | E28: 3 j | G28: =IF(D28="Terminé",1,IF(D28="En cours",0.5,0)) -> 0
A29: Reporting & Data | B29: Amélioration PDF : template avec logo en haut à gauche sur tous les exports PDF | C29: 27/04/2026 | D29: Non débuté | E29: 3 j | G29: =IF(D29="Terminé",1,IF(D29="En cours",0.5,0)) -> 0
A30: Reporting & Data | B30: PDF : signature automatique des validateurs lors de chaque validation | C30: 27/04/2026 | D30: Non débuté | E30: 4 j | G30: =IF(D30="Terminé",1,IF(D30="En cours",0.5,0)) -> 0
A31: Reporting & Data | B31: PDF : ajouter une table de signatures | C31: 27/04/2026 | D31: Non débuté | E31: 2 j | G31: =IF(D31="Terminé",1,IF(D31="En cours",0.5,0)) -> 0
... A40: Tests | B40: Ajouter des tests automatisés pour toutes les fonctionnalités ci-dessus | C40: 27/04/2026 | D40: Non débuté | E40: 20 j | G40: =IF(D40="Terminé",1,IF(D40="En cours",0.5,0)) -> 0
A41: ="TOTAL — 38 tâches | "&COUNTIF(D3:D40,"Terminé")&" Terminé | "&COUNTIF(D3:D40,"En cours")&" En cours | "&COUNTIF(D3:D40,"Non débuté")&" Non débuté" -> TOTAL — 38 tâches | 10 Terminé | 4 En cours | 24 Non débuté | G41: =AVERAGE(G3:G40) -> 0.31578947

Sheet Tableau de Bord
A1: TABLEAU DE BORD — Avancement du Projet EMS
B3: AVANCEMENT GLOBAL DU PROJET
B4: ='Suivi EMS'!G41 -> 0.31578947
B6: ="Terminé — "&COUNTIF('Suivi EMS'!D3:D40,"Terminé")&" / 38" -> Terminé — 10 / 38 | D6: ="En cours — "&COUNTIF('Suivi EMS'!D3:D40,"En cours")&" / 38" -> En cours — 4 / 38 | F6: ="Non débuté — "&COUNTIF('Suivi EMS'!D3:D40,"Non débuté")&" / 38" -> Non débuté — 24 / 38
B7: =COUNTIF('Suivi EMS'!D3:D40,"Terminé")/38 -> 0.26315789 | D7: =COUNTIF('Suivi EMS'!D3:D40,"En cours")/38 -> 0.10526316 | F7: =COUNTIF('Suivi EMS'!D3:D40,"Non débuté")/38 -> 0.63157895
B9: ='Suivi EMS'!G41 -> 0.31578947
B11: Dernière mise à jour : 27/04/2026 | Total tâches : 38 | Modifiez l'état dans l'onglet « Suivi EMS » colonne D
